用戶,評分,日期,評價
姆姆,5,1 個月前,提拉米蘇跟馬鈴薯薯條超級好吃 服務 內用 餐點類型 其他 平均每人消費金額 $200-400 餐點：5 服務：5 氣氛：5 建議的餐點 提拉米蘇
Jungwonie,5,1 個月前,每次去都很愉快 最喜歡薰衣草奶茶 服務 內用 餐點類型 其他 平均每人消費金額 $1-200 餐點：5 服務：5 氣氛：5
Jeremy,5,2 個月前,這是我們最喜歡的咖啡館，我們對餅乾和榛果奶茶很著迷！氣氛友好，業主總是熱情而熱情。  謝謝約翰作為一個好朋友，把ER咖啡館帶到了中壢！ 餐點：5 服務：5 氣氛：5
MENG,5,2 個月前,提拉米蘇好好吃🤤環境也非常的酷，很多金魚，感覺很像香港的金魚街🤩 服務 內用 餐點類型 其他 平均每人消費金額 $1-200 餐點：5 服務：5 氣氛：5 建議的餐點 提拉米蘇
Beella,5,3 個月前,太美了 還有很多魚可以欣賞 老闆也很健談🤍 餐點：5 服務：5 氣氛：5
Terry S H To,4,5 個月前,專為年輕人打造的秘密咖啡店。這個地方很好（但有點舊）。晚上和你的女朋友一起去那裡很酷。 服務 內用 餐點類型 其他 平均每人消費金額 $1-200 餐點：3 服務：4 氣氛：5
彭凡洢,5,6 個月前,無評論
劉漢穎,5,7 個月前,一家特別的咖啡店隱身在停車場內，一進去氣氛非常舒服、音樂柔和，適合點一杯咖啡看一本喜歡的書 服務 內用 餐點：4 服務：4 氣氛：5
YC L,5,8 個月前,許久沒有過去用餐的E.R cafe，今日再訪，菜單已變更。（無主餐太可惜了，之前整份套餐都好吃，份量足夠，連甜點都很讚！） 今天的我依然失手點了太多，忘記本店的優良傳統-份量超多。三明治蔬菜超級多又好吃，很健康，特別是吐司是厚片，加上微烤過，口感就是好，超用心！ 日式炸豆腐內裏水嫩，入口時小心燙！醬料也不會過多顯得太鹹，剛剛好。 失手點的肉桂捲，肉桂層層酥酥，是我喜歡的味道，非常棒。 老闆是鬥魚專家，對鬥魚有興趣的顧客歡迎跟老闆多聊聊～ 服務 內用 餐點類型 晚餐 平均每人消費金額 $200-400 餐點：5 服務：5 氣氛：5 建議的餐點 金黃日式炸豆腐
DYLAN,4,8 個月前,氣氛很棒 位置是不注意容易就直接略過的那種 以前高中很常來這家 服務 內用 餐點類型 早午餐 平均每人消費金額 $1-200 餐點：4 服務：5 氣氛：5 建議的餐點 鮪魚三明治
sho t,4,11 個月前,營業至深夜的休閒咖啡館。你也可以喝啤酒。食物也很好吃！ 服務 內用 餐點類型 晚餐 平均每人消費金額 $200-400 餐點：5 服務：4 氣氛：4
